ciudad,Totales
Bucarest,340.35516897422787
Dublin,159.87933151390723
Madrid,292.24239980084167
