ciudad,Totales
Bucarest,340.35516897422787
Madrid,292.24239980084167
